{
    "a": 0.14366492875328396,
    "o": 0.09915675437426419,
    "e": 0.09772138097419808,
    "r": 0.09343265923945508,
    "i": 0.08502485080815872,
    "n": 0.06491367461389905,
    "c": 0.0557287347255972,
    "t": 0.054048332937034954,
    "l": 0.048975230384680074,
    "s": 0.04199989560920727,
    "d": 0.038183832186001194,
    "m": 0.032181361603906534,
    "u": 0.03194068283177424,
    "p": 0.02399248386292329,
    "b": 0.018945479008751428,
    "g": 0.017459360084440552,
    "f": 0.010855192572015148,
    "h": 0.010320189759263233,
    "v": 0.009325577484065905,
    "z": 0.00806418873855326,
    "j": 0.006401185415446357,
    "q": 0.004052392578974534,
    "x": 0.0016992501261388745,
    "y": 0.0016543040903792285,
    "k": 0.00019573273637265193,
    "w": 5.219539636604052e-05,
    ".": 1.0149104848952322e-05
}