{
    "a": 0.12811450037862762,
    "b": 0.017674779353523355,
    "c": 0.04082165721705645,
    "d": 0.052209665099287976,
    "e": 0.14284262033839754,
    "f": 0.005846725706532303,
    "g": 0.010248595265672336,
    "h": 0.011913238976853592,
    "i": 0.06258439112961865,
    "j": 0.00548762953700126,
    "k": 3.294460270927e-05,
    "l": 0.05032146872686524,
    "m": 0.02972120865275871,
    "n": 0.06991315332088655,
    "o": 0.09512942287174336,
    "p": 0.02734496152305722,
    "q": 0.0139308605742056,
    "r": 0.06586049655046478,
    "s": 0.06170759406037051,
    "t": 0.04356782517146489,
    "u": 0.044959028680159205,
    "v": 0.010477324935910982,
    "w": 1.2707203902147e-05,
    "x": 0.00144485614739227,
    "y": 0.0041011324001225535,
    "z": 0.003731211575415608
}