{
  "A": 0.14307895220127886,
  "B": 0.02030986526871129,
  "I": 0.07202155366712858,
  "L": 0.050010851962535685,
  "R": 0.10270339082090922,
  "E": 0.11556505334156969,
  "O": 0.08706404327428753,
  "C": 0.05028423794180009,
  "D": 0.03498297076648246,
  "J": 0.007135165367213717,
  "N": 0.06414553316526704,
  "G": 0.01650124380185986,
  "S": 0.04689508656527038,
  "T": 0.053963470624572185,
  "Z": 0.00878382890628913,
  "U": 0.03128495584086014,
  "M": 0.03232632686111157,
  "Q": 0.004011052306459422,
  "V": 0.010893700853131209,
  "H": 0.010038065345509791,
  "F": 0.009503814882214467,
  "X": 0.0016236205486084446,
  "P": 0.02517446616691988,
  "Y": 0.001527622418485066,
  "K": 0.00011060654122910997,
  "W": 6.052056029517338e-05
}