{
    "a": 0.1655556727965679,
    "b": 0.023158346613132617,
    "c": 0.04329927030997622,
    "d": 0.032986570492962386,
    "e": 0.12077537794444039,
    "f": 0.008766741791099965,
    "g": 0.013730365512383807,
    "h": 0.009340862010034028,
    "i": 0.082007202205574,
    "j": 0.005761042976045857,
    "k": 9.397318066749818e-05,
    "l": 0.035540981595866626,
    "m": 0.03611906997214173,
    "n": 0.0637165220543872,
    "o": 0.06562917389277137,
    "p": 0.021300888235946634,
    "q": 0.0036737922146556677,
    "r": 0.09237870289955061,
    "s": 0.08918000734109108,
    "t": 0.04072555953273144,
    "u": 0.026557614488103194,
    "v": 0.007876251209611598,
    "w": 1.4429663058349048e-05,
    "x": 0.0014665948790929513,
    "y": 0.0013717198444843065,
    "z": 0.008973266343622584
}