{
    "a": 0.1152559984496188,
    "b": 0.014520804383950255,
    "c": 0.037317180780221094,
    "d": 0.05779705674972477,
    "e": 0.15543313774889597,
    "f": 0.004705571888619955,
    "g": 0.010484865228165809,
    "h": 0.012712301202782439,
    "i": 0.04805192127692035,
    "j": 0.007184532473476524,
    "l": 0.053159107871070956,
    "m": 0.02869112365527109,
    "n": 0.07054976682431624,
    "o": 0.09854156959603498,
    "p": 0.02259845539149187,
    "q": 0.02544521917689602,
    "r": 0.06186680741049229,
    "s": 0.05955855369225758,
    "t": 0.03947616907401833,
    "u": 0.05620131864869434,
    "v": 0.011325204827623175,
    "x": 0.00010473319836220369,
    "y": 0.005235010576403693,
    "z": 0.003783589874691264
}